{"nm":"Untitled file","ddd":0,"h":500,"w":500,"meta":{"g":"@lottiefiles/creator 1.12.0"},"layers":[{"ty":0,"nm":" Orange","sr":1,"st":0,"op":102,"ip":0,"hd":false,"ddd":0,"bm":0,"hasMask":false,"ao":0,"ks":{"a":{"a":0,"k":[243.96363491371153,232.1981952854157]},"s":{"a":0,"k":[100,100]},"sk":{"a":0,"k":0},"p":{"a":0,"k":[243.96363491371153,232.1981952854157]},"r":{"a":0,"k":0},"sa":{"a":0,"k":0},"o":{"a":0,"k":100}},"w":500,"h":500,"refId":"precomp_Orange_15690994-2ec8-48d4-ad42-fbbaf60e4172","ind":1}],"v":"5.7.0","fr":60,"op":99.6,"ip":0,"assets":[{"nm":"Orange","id":"precomp_Orange_15690994-2ec8-48d4-ad42-fbbaf60e4172","fr":50,"layers":[{"ty":4,"nm":"RLEG","sr":1,"st":0,"op":500,"ip":0,"hd":false,"ddd":0,"bm":0,"hasMask":false,"ao":0,"ks":{"a":{"a":0,"k":[239.1,283.42,0]},"s":{"a":0,"k":[87,87,100]},"sk":{"a":0,"k":0},"p":{"a":0,"k":[235.517,289.076,0]},"r":{"a":1,"k":[{"o":{"x":0.333,"y":0},"i":{"x":0.667,"y":1},"s":[20],"t":0},{"o":{"x":0.333,"y":0},"i":{"x":0.667,"y":1},"s":[-20],"t":50},{"s":[20],"t":102}]},"sa":{"a":0,"k":0},"o":{"a":0,"k":100}},"shapes":[{"ty":"gr","bm":0,"hd":false,"mn":"ADBE Vector Group","nm":"Group 1","ix":1,"cix":2,"np":2,"it":[{"ty":"sh","bm":0,"hd":false,"mn":"ADBE Vector Shape - Group","nm":"Path 1","ix":1,"d":1,"ks":{"a":1,"k":[{"o":{"x":0.333,"y":0},"i":{"x":0.667,"y":1},"s":[{"c":false,"i":[[0,0],[9.46,-21.222]],"o":[[0,0],[0,0]],"v":[[238.956,283.956],[238.956,341.218]]}],"t":0},{"o":{"x":0.333,"y":0},"i":{"x":0.667,"y":1},"s":[{"c":false,"i":[[0,0],[49.749,-23.229]],"o":[[0,0],[0,0]],"v":[[238.956,283.956],[240.092,319.648]]}],"t":24},{"o":{"x":0.333,"y":0},"i":{"x":0.667,"y":1},"s":[{"c":false,"i":[[0,0],[0,-19.087]],"o":[[0,0],[0,0]],"v":[[238.956,283.956],[238.956,341.218]]}],"t":50},{"o":{"x":0.333,"y":0},"i":{"x":0.667,"y":1},"s":[{"c":false,"i":[[0,0],[-19.129,-17.942]],"o":[[0,0],[0,0]],"v":[[238.956,283.956],[238.956,341.218]]}],"t":76},{"s":[{"c":false,"i":[[0,0],[9.46,-21.222]],"o":[[0,0],[0,0]],"v":[[238.956,283.956],[238.956,341.218]]}],"t":102}]}},{"ty":"st","bm":0,"hd":false,"mn":"ADBE Vector Graphic - Stroke","nm":"Stroke 1","lc":2,"lj":1,"ml":10,"o":{"a":0,"k":100},"w":{"a":0,"k":6},"c":{"a":0,"k":[0,0,0]}},{"ty":"tr","a":{"a":0,"k":[0,0]},"s":{"a":0,"k":[100,100]},"sk":{"a":0,"k":0},"p":{"a":0,"k":[0,0]},"r":{"a":0,"k":0},"sa":{"a":0,"k":0},"o":{"a":0,"k":100}}]}],"ind":1},{"ty":4,"nm":"RARM","sr":1,"st":0,"op":500,"ip":0,"hd":false,"ddd":0,"bm":0,"hasMask":false,"ao":0,"ks":{"a":{"a":0,"k":[239.1,283.42,0]},"s":{"a":0,"k":[87,87,100]},"sk":{"a":0,"k":0},"p":{"a":0,"k":[200.6546,247.7916]},"r":{"a":1,"k":[{"o":{"x":0.333,"y":0},"i":{"x":0.667,"y":1},"s":[30],"t":0},{"o":{"x":0.333,"y":0},"i":{"x":0.667,"y":1},"s":[-20],"t":50},{"o":{"x":0.167,"y":0.167},"i":{"x":0.833,"y":0.833},"s":[30],"t":100},{"s":[20],"t":102}]},"sa":{"a":0,"k":0},"o":{"a":0,"k":100}},"shapes":[{"ty":"gr","bm":0,"hd":false,"mn":"ADBE Vector Group","nm":"Group 1","ix":1,"cix":2,"np":2,"it":[{"ty":"sh","bm":0,"hd":false,"mn":"ADBE Vector Shape - Group","nm":"Path 1","ix":1,"d":1,"ks":{"a":1,"k":[{"o":{"x":0.333,"y":0},"i":{"x":0.667,"y":1},"s":[{"c":false,"i":[[0,0],[-28.01908342252318,0.09835494681908585]],"o":[[0,0],[0,0]],"v":[[238.95600000000002,283.95600000000024],[254.9064055084973,333.67256704320926]]}],"t":0},{"o":{"x":0.333,"y":0},"i":{"x":0.667,"y":1},"s":[{"c":false,"i":[[0,0],[-28.01908342252318,0.09835494681908585]],"o":[[0,0],[0,0]],"v":[[238.95600000000002,283.95600000000024],[254.9064055084973,333.67256704320926]]}],"t":24},{"o":{"x":0.333,"y":0},"i":{"x":0.667,"y":1},"s":[{"c":false,"i":[[0,0],[-28.01908342252318,0.09835494681908585]],"o":[[0,0],[0,0]],"v":[[238.95600000000002,283.95600000000024],[254.9064055084973,333.67256704320926]]}],"t":50},{"o":{"x":0.333,"y":0},"i":{"x":0.667,"y":1},"s":[{"c":false,"i":[[0,0],[-28.01908342252318,0.09835494681908585]],"o":[[0,0],[0,0]],"v":[[238.95600000000002,283.95600000000024],[254.9064055084973,333.67256704320926]]}],"t":100},{"s":[{"c":false,"i":[[0,0],[9.46,-21.222]],"o":[[0,0],[0,0]],"v":[[238.956,283.956],[238.956,341.218]]}],"t":102}]}},{"ty":"st","bm":0,"hd":false,"mn":"ADBE Vector Graphic - Stroke","nm":"Stroke 1","lc":2,"lj":1,"ml":10,"o":{"a":0,"k":100},"w":{"a":0,"k":6},"c":{"a":0,"k":[0,0,0]}},{"ty":"tr","a":{"a":0,"k":[0,0]},"s":{"a":0,"k":[100,100]},"sk":{"a":0,"k":0},"p":{"a":0,"k":[0,0]},"r":{"a":0,"k":0},"sa":{"a":0,"k":0},"o":{"a":0,"k":100}}]}],"ind":2},{"ty":4,"nm":"orange Outlines - Group 2","sr":1,"st":0,"op":500,"ip":0,"hd":false,"ddd":0,"bm":0,"hasMask":false,"ao":0,"ks":{"a":{"a":0,"k":[276.18500000000006,237.62156241416932]},"s":{"a":0,"k":[100,100,100]},"sk":{"a":0,"k":0},"p":{"a":0,"k":[276.18500000000006,237.62156241416932]},"r":{"a":0,"k":0},"sa":{"a":0,"k":0},"o":{"a":0,"k":100}},"shapes":[{"ty":"gr","bm":0,"hd":false,"mn":"ADBE Vector Group","nm":"Group 2","ix":1,"cix":2,"np":2,"it":[{"ty":"sh","bm":0,"hd":false,"mn":"ADBE Vector Shape - Group","nm":"Path 1","ix":1,"d":1,"ks":{"a":0,"k":{"c":false,"i":[[0,0],[0,7.016]],"o":[[0,7.995],[0,0]],"v":[[8.348,-3.998],[-8.348,-3.998]]}}},{"ty":"st","bm":0,"hd":false,"mn":"ADBE Vector Graphic - Stroke","nm":"Stroke 1","lc":2,"lj":1,"ml":10,"o":{"a":0,"k":100},"w":{"a":0,"k":6},"c":{"a":0,"k":[0,0,0]}},{"ty":"tr","a":{"a":0,"k":[0,0]},"s":{"a":0,"k":[100,100]},"sk":{"a":0,"k":0},"p":{"a":0,"k":[276.185,238.805]},"r":{"a":0,"k":0},"sa":{"a":0,"k":0},"o":{"a":0,"k":100}}]}],"ind":3,"parent":12},{"ty":4,"nm":"orange Outlines - Group 3","sr":1,"st":0,"op":500,"ip":0,"hd":false,"ddd":0,"bm":0,"hasMask":false,"ao":0,"ks":{"a":{"a":0,"k":[291.02199999999993,223.46000000000006]},"s":{"a":0,"k":[100,100,100]},"sk":{"a":0,"k":0},"p":{"a":0,"k":[291.02199999999993,223.46000000000006]},"r":{"a":0,"k":0},"sa":{"a":0,"k":0},"o":{"a":0,"k":100}},"shapes":[{"ty":"gr","bm":0,"hd":false,"mn":"ADBE Vector Group","nm":"Group 3","ix":1,"cix":2,"np":2,"it":[{"ty":"sh","bm":0,"hd":false,"mn":"ADBE Vector Shape - Group","nm":"Path 1","ix":1,"d":1,"ks":{"a":0,"k":{"c":true,"i":[[0,-2.761],[2.762,0],[0,2.762],[-2.761,0]],"o":[[0,2.762],[-2.761,0],[0,-2.761],[2.762,0]],"v":[[5,0],[0,5],[-5,0],[0,-5]]}}},{"ty":"fl","bm":0,"hd":false,"mn":"ADBE Vector Graphic - Fill","nm":"Fill 1","c":{"a":0,"k":[0,0,0]},"r":1,"o":{"a":0,"k":100}},{"ty":"tr","a":{"a":0,"k":[0,0]},"s":{"a":0,"k":[100,100]},"sk":{"a":0,"k":0},"p":{"a":0,"k":[291.022,223.46]},"r":{"a":0,"k":0},"sa":{"a":0,"k":0},"o":{"a":0,"k":100}}]}],"ind":4,"parent":12},{"ty":4,"nm":"orange Outlines - Group 4","sr":1,"st":0,"op":500,"ip":0,"hd":false,"ddd":0,"bm":0,"hasMask":false,"ao":0,"ks":{"a":{"a":0,"k":[261.06499999999994,223.46]},"s":{"a":0,"k":[100,100,100]},"sk":{"a":0,"k":0},"p":{"a":0,"k":[261.06499999999994,223.46]},"r":{"a":0,"k":0},"sa":{"a":0,"k":0},"o":{"a":0,"k":100}},"shapes":[{"ty":"gr","bm":0,"hd":false,"mn":"ADBE Vector Group","nm":"Group 4","ix":1,"cix":2,"np":2,"it":[{"ty":"sh","bm":0,"hd":false,"mn":"ADBE Vector Shape - Group","nm":"Path 1","ix":1,"d":1,"ks":{"a":0,"k":{"c":true,"i":[[0,-2.761],[2.761,0],[0,2.762],[-2.762,0]],"o":[[0,2.762],[-2.762,0],[0,-2.761],[2.761,0]],"v":[[5,0],[0,5],[-5,0],[0,-5]]}}},{"ty":"fl","bm":0,"hd":false,"mn":"ADBE Vector Graphic - Fill","nm":"Fill 1","c":{"a":0,"k":[0,0,0]},"r":1,"o":{"a":0,"k":100}},{"ty":"tr","a":{"a":0,"k":[0,0]},"s":{"a":0,"k":[100,100]},"sk":{"a":0,"k":0},"p":{"a":0,"k":[261.065,223.46]},"r":{"a":0,"k":0},"sa":{"a":0,"k":0},"o":{"a":0,"k":100}}]}],"ind":5,"parent":12},{"ty":4,"nm":"orange Outlines - Group 5","sr":1,"st":0,"op":500,"ip":0,"hd":false,"ddd":0,"bm":0,"hasMask":false,"ao":0,"ks":{"a":{"a":0,"k":[220.371,138.597,0]},"s":{"a":0,"k":[100,100,100]},"sk":{"a":0,"k":0},"p":{"a":0,"k":[220.371,138.597,0]},"r":{"a":1,"k":[{"o":{"x":0.333,"y":0},"i":{"x":0.667,"y":1},"s":[0],"t":0},{"o":{"x":0.333,"y":0},"i":{"x":0.667,"y":1},"s":[5],"t":24},{"o":{"x":0.333,"y":0},"i":{"x":0.667,"y":1},"s":[0],"t":50},{"o":{"x":0.333,"y":0},"i":{"x":0.667,"y":1},"s":[5],"t":72},{"s":[0],"t":102}]},"sa":{"a":0,"k":0},"o":{"a":0,"k":100}},"shapes":[{"ty":"gr","bm":0,"hd":false,"mn":"ADBE Vector Group","nm":"Group 5","ix":1,"cix":2,"np":3,"it":[{"ty":"sh","bm":0,"hd":false,"mn":"ADBE Vector Shape - Group","nm":"Path 1","ix":1,"d":1,"ks":{"a":0,"k":{"c":true,"i":[[-31.447,18.486],[26.979,-19.972]],"o":[[0,0],[0,0]],"v":[[23.892,3.334],[-23.892,-1.848]]}}},{"ty":"st","bm":0,"hd":false,"mn":"ADBE Vector Graphic - Stroke","nm":"Stroke 1","lc":2,"lj":2,"ml":1,"o":{"a":0,"k":100},"w":{"a":0,"k":6},"c":{"a":0,"k":[0,0,0]}},{"ty":"fl","bm":0,"hd":false,"mn":"ADBE Vector Graphic - Fill","nm":"Fill 1","c":{"a":0,"k":[0.5529,0.7765,0.2471]},"r":1,"o":{"a":0,"k":100}},{"ty":"tr","a":{"a":0,"k":[0,0]},"s":{"a":0,"k":[100,100]},"sk":{"a":0,"k":0},"p":{"a":0,"k":[196.521,135.592]},"r":{"a":0,"k":0},"sa":{"a":0,"k":0},"o":{"a":0,"k":100}}]}],"ind":6,"parent":9},{"ty":4,"nm":"orange Outlines - Group 6","sr":1,"st":0,"op":500,"ip":0,"hd":false,"ddd":0,"bm":0,"hasMask":false,"ao":0,"ks":{"a":{"a":0,"k":[219.147,135.709,0]},"s":{"a":0,"k":[100,100,100]},"sk":{"a":0,"k":0},"p":{"a":0,"k":[219.147,135.709,0]},"r":{"a":1,"k":[{"o":{"x":0.333,"y":0},"i":{"x":0.667,"y":1},"s":[0],"t":0},{"o":{"x":0.333,"y":0},"i":{"x":0.667,"y":1},"s":[5],"t":24},{"o":{"x":0.333,"y":0},"i":{"x":0.667,"y":1},"s":[0],"t":50},{"o":{"x":0.333,"y":0},"i":{"x":0.667,"y":1},"s":[5],"t":72},{"s":[0],"t":102}]},"sa":{"a":0,"k":0},"o":{"a":0,"k":100}},"shapes":[{"ty":"gr","bm":0,"hd":false,"mn":"ADBE Vector Group","nm":"Group 6","ix":1,"cix":2,"np":3,"it":[{"ty":"sh","bm":0,"hd":false,"mn":"ADBE Vector Shape - Group","nm":"Path 1","ix":1,"d":1,"ks":{"a":0,"k":{"c":true,"i":[[54.863,-7.838],[-50.964,1.839]],"o":[[0,0],[0,0]],"v":[[-27.431,25.713],[24.411,-25.713]]}}},{"ty":"st","bm":0,"hd":false,"mn":"ADBE Vector Graphic - Stroke","nm":"Stroke 1","lc":2,"lj":2,"ml":1,"o":{"a":0,"k":100},"w":{"a":0,"k":6},"c":{"a":0,"k":[0,0,0]}},{"ty":"fl","bm":0,"hd":false,"mn":"ADBE Vector Graphic - Fill","nm":"Fill 1","c":{"a":0,"k":[0.5529,0.7765,0.2471]},"r":1,"o":{"a":0,"k":100}},{"ty":"tr","a":{"a":0,"k":[0,0]},"s":{"a":0,"k":[100,100]},"sk":{"a":0,"k":0},"p":{"a":0,"k":[246.578,109.996]},"r":{"a":0,"k":0},"sa":{"a":0,"k":0},"o":{"a":0,"k":100}}]}],"ind":7,"parent":9},{"ty":4,"nm":"LLEG","sr":1,"st":0,"op":500,"ip":0,"hd":false,"ddd":0,"bm":0,"hasMask":false,"ao":0,"ks":{"a":{"a":0,"k":[266.335,284.139,0]},"s":{"a":0,"k":[87,87,100]},"sk":{"a":0,"k":0},"p":{"a":0,"k":[259.211,289.701,0]},"r":{"a":1,"k":[{"o":{"x":0.333,"y":0},"i":{"x":0.667,"y":1},"s":[-20],"t":0},{"o":{"x":0.333,"y":0},"i":{"x":0.667,"y":1},"s":[20],"t":50},{"s":[-20],"t":102}]},"sa":{"a":0,"k":0},"o":{"a":0,"k":100}},"shapes":[{"ty":"gr","bm":0,"hd":false,"mn":"ADBE Vector Group","nm":"Group 9","ix":1,"cix":2,"np":2,"it":[{"ty":"sh","bm":0,"hd":false,"mn":"ADBE Vector Shape - Group","nm":"Path 1","ix":1,"d":1,"ks":{"a":1,"k":[{"o":{"x":0.333,"y":0},"i":{"x":0.667,"y":1},"s":[{"c":false,"i":[[0,0],[12.855,-19.568]],"o":[[0,0],[0,0]],"v":[[266.478,283.956],[266.478,341.218]]}],"t":0},{"o":{"x":0.333,"y":0},"i":{"x":0.667,"y":1},"s":[{"c":false,"i":[[0,0],[-11.273,-18.381]],"o":[[0,0],[0,0]],"v":[[266.478,283.956],[266.478,341.218]]}],"t":24},{"o":{"x":0.333,"y":0},"i":{"x":0.667,"y":1},"s":[{"c":false,"i":[[0,0],[-9.328,-22.791]],"o":[[0,0],[0,0]],"v":[[266.478,283.956],[266.478,341.218]]}],"t":50},{"o":{"x":0.333,"y":0},"i":{"x":0.667,"y":1},"s":[{"c":false,"i":[[0,0],[54.786,-14.207]],"o":[[0,0],[0,0]],"v":[[266.478,283.956],[269.352,318.23]]}],"t":76},{"s":[{"c":false,"i":[[0,0],[12.855,-19.568]],"o":[[0,0],[0,0]],"v":[[266.478,283.956],[266.478,341.218]]}],"t":102}]}},{"ty":"st","bm":0,"hd":false,"mn":"ADBE Vector Graphic - Stroke","nm":"Stroke 1","lc":2,"lj":1,"ml":10,"o":{"a":0,"k":100},"w":{"a":0,"k":6},"c":{"a":0,"k":[0,0,0]}},{"ty":"tr","a":{"a":0,"k":[269.3125305175782,312.58699035644537]},"s":{"a":0,"k":[100,100]},"sk":{"a":0,"k":0},"p":{"a":0,"k":[269.3125305175782,312.58699035644537]},"r":{"a":0,"k":0},"sa":{"a":0,"k":0},"o":{"a":0,"k":100}}]}],"ind":8},{"ty":4,"nm":"orange Outlines - Group 8","sr":1,"st":0,"op":500,"ip":0,"hd":false,"ddd":0,"bm":0,"hasMask":false,"ao":0,"ks":{"a":{"a":0,"k":[225.869,155.255,0]},"s":{"a":0,"k":[100,100,100]},"sk":{"a":0,"k":0},"p":{"a":0,"k":[225.869,155.255,0]},"r":{"a":1,"k":[{"o":{"x":0.333,"y":0},"i":{"x":0.667,"y":1},"s":[0],"t":8},{"o":{"x":0.333,"y":0},"i":{"x":0.667,"y":1},"s":[5],"t":30},{"o":{"x":0.333,"y":0},"i":{"x":0.667,"y":1},"s":[0],"t":50},{"o":{"x":0.333,"y":0},"i":{"x":0.667,"y":1},"s":[5],"t":72},{"s":[0],"t":94}]},"sa":{"a":0,"k":0},"o":{"a":0,"k":100}},"shapes":[{"ty":"gr","bm":0,"hd":false,"mn":"ADBE Vector Group","nm":"Group 8","ix":1,"cix":2,"np":2,"it":[{"ty":"sh","bm":0,"hd":false,"mn":"ADBE Vector Shape - Group","nm":"Path 1","ix":1,"d":1,"ks":{"a":0,"k":{"c":false,"i":[[0,0],[17.728,13.449]],"o":[[0,0],[0,0]],"v":[[11.378,20.108],[-11.378,-20.108]]}}},{"ty":"st","bm":0,"hd":false,"mn":"ADBE Vector Graphic - Stroke","nm":"Stroke 1","lc":2,"lj":1,"ml":10,"o":{"a":0,"k":100},"w":{"a":0,"k":6},"c":{"a":0,"k":[0,0,0]}},{"ty":"tr","a":{"a":0,"k":[0,0]},"s":{"a":0,"k":[100,100]},"sk":{"a":0,"k":0},"p":{"a":0,"k":[214.374,134.852]},"r":{"a":0,"k":0},"sa":{"a":0,"k":0},"o":{"a":0,"k":100}}]}],"ind":9,"parent":12},{"ty":4,"nm":"Ellipse 1","sr":1,"st":0,"op":100,"ip":0,"hd":false,"ddd":0,"bm":0,"hasMask":false,"ao":0,"ks":{"a":{"a":0,"k":[0,0]},"s":{"a":0,"k":[93.14677115891288,93.47471792510648]},"sk":{"a":0,"k":0},"p":{"a":0,"k":[250.5044,238.5779]},"r":{"a":0,"k":0},"sa":{"a":0,"k":0},"o":{"a":0,"k":100}},"shapes":[{"ty":"sh","bm":0,"hd":false,"nm":"Ellipse Path 1","d":1,"ks":{"a":1,"k":[{"o":{"x":0.167,"y":0.167},"i":{"x":0.833,"y":0.833},"s":[{"c":true,"i":[[-44.81022935779815,0],[0,-41.26591743119265],[44.81022935779815,0],[0,41.26591743119265]],"o":[[44.81022935779815,0],[0,41.26591743119265],[-44.81022935779815,0],[0,-41.26591743119265]],"v":[[0,-74.77064220183485],[81.1926605504587,0],[0,74.77064220183485],[-81.1926605504587,0]]}],"t":0},{"o":{"x":0.167,"y":0.167},"i":{"x":0.833,"y":0.833},"s":[{"c":true,"i":[[-44.81022935779815,0],[0,-41.26591743119265],[44.81022935779815,0],[0,41.26591743119265]],"o":[[44.81022935779815,0],[0,41.26591743119265],[-44.81022935779815,0],[0,-41.26591743119265]],"v":[[3.3982120166486425,-74.64110306955953],[81.20774134164702,-0.0489864096660142],[5.368073518547135,73.56165503101846],[-78.35104031214729,-2.011936848084275]]}],"t":27.6},{"o":{"x":0.167,"y":0.167},"i":{"x":0.833,"y":0.833},"s":[{"c":true,"i":[[-44.81022935779815,0],[0,-41.26591743119265],[44.81022935779815,0],[0,41.26591743119265]],"o":[[44.81022935779815,0],[0,41.26591743119265],[-44.81022935779815,0],[0,-41.26591743119265]],"v":[[-0.5415109871486834,-73.65962785035035],[76.28308758690031,-0.048986409665985775],[0.4434197638005344,75.52460546943666],[-80.32090181404604,-0.04898640966595735]]}],"t":61.2},{"s":[{"c":true,"i":[[-44.81022935779815,0],[0,-41.26591743119265],[44.81022935779815,0],[0,41.26591743119265]],"o":[[44.81022935779815,0],[0,41.26591743119265],[-44.81022935779815,0],[0,-41.26591743119265]],"v":[[0,-74.77064220183485],[81.1926605504587,0],[0,74.77064220183485],[-81.1926605504587,0]]}],"t":99.6}]}},{"ty":"fl","bm":0,"hd":false,"nm":"Fill","c":{"a":0,"k":[0.9333,0.651,0.0431]},"r":2,"o":{"a":0,"k":100}},{"ty":"st","bm":0,"hd":false,"nm":"Stroke","lc":2,"lj":2,"ml":1,"o":{"a":0,"k":100},"w":{"a":0,"k":8},"c":{"a":0,"k":[0,0,0]}}],"ind":10},{"ty":4,"nm":"RARM","sr":1,"st":0,"op":500,"ip":0,"hd":false,"ddd":0,"bm":0,"hasMask":false,"ao":0,"ks":{"a":{"a":0,"k":[239.1,283.42,0]},"s":{"a":0,"k":[87,87,100]},"sk":{"a":0,"k":0},"p":{"a":0,"k":[304.4803,248.6265]},"r":{"a":1,"k":[{"o":{"x":0.333,"y":0},"i":{"x":0.667,"y":1},"s":[-20],"t":0},{"o":{"x":0.333,"y":0},"i":{"x":0.667,"y":1},"s":[30],"t":50},{"o":{"x":0.167,"y":0.167},"i":{"x":0.833,"y":0.833},"s":[-20],"t":99.6},{"s":[20],"t":102}]},"sa":{"a":0,"k":0},"o":{"a":0,"k":100}},"shapes":[{"ty":"gr","bm":0,"hd":false,"mn":"ADBE Vector Group","nm":"Group 1","ix":1,"cix":2,"np":2,"it":[{"ty":"sh","bm":0,"hd":false,"mn":"ADBE Vector Shape - Group","nm":"Path 1","ix":1,"d":1,"ks":{"a":1,"k":[{"o":{"x":0.333,"y":0},"i":{"x":0.667,"y":1},"s":[{"c":false,"i":[[0,0],[-28.01908342252318,0.09835494681908585]],"o":[[0,0],[0,0]],"v":[[238.95600000000002,283.95600000000024],[254.9064055084973,333.67256704320926]]}],"t":0},{"o":{"x":0.333,"y":0},"i":{"x":0.667,"y":1},"s":[{"c":false,"i":[[0,0],[-28.01908342252318,0.09835494681908585]],"o":[[0,0],[0,0]],"v":[[238.95600000000002,283.95600000000024],[254.9064055084973,333.67256704320926]]}],"t":24},{"o":{"x":0.333,"y":0},"i":{"x":0.667,"y":1},"s":[{"c":false,"i":[[0,0],[-28.01908342252318,0.09835494681908585]],"o":[[0,0],[0,0]],"v":[[238.95600000000002,283.95600000000024],[254.9064055084973,333.67256704320926]]}],"t":50},{"o":{"x":0.333,"y":0},"i":{"x":0.667,"y":1},"s":[{"c":false,"i":[[0,0],[-28.01908342252318,0.09835494681908585]],"o":[[0,0],[0,0]],"v":[[238.95600000000002,283.95600000000024],[254.9064055084973,333.67256704320926]]}],"t":100},{"s":[{"c":false,"i":[[0,0],[9.46,-21.222]],"o":[[0,0],[0,0]],"v":[[238.956,283.956],[238.956,341.218]]}],"t":102}]}},{"ty":"st","bm":0,"hd":false,"mn":"ADBE Vector Graphic - Stroke","nm":"Stroke 1","lc":2,"lj":1,"ml":10,"o":{"a":0,"k":100},"w":{"a":0,"k":6},"c":{"a":0,"k":[0,0,0]}},{"ty":"tr","a":{"a":0,"k":[0,0]},"s":{"a":0,"k":[100,100]},"sk":{"a":0,"k":0},"p":{"a":0,"k":[0,0]},"r":{"a":0,"k":0},"sa":{"a":0,"k":0},"o":{"a":0,"k":100}}]}],"ind":11},{"ty":3,"nm":"BODY","sr":1,"st":0,"op":500,"ip":0,"hd":false,"ddd":0,"bm":0,"hasMask":false,"ao":0,"ks":{"a":{"a":0,"k":[248.095,307.863,0]},"s":{"a":0,"k":[87,87,100]},"sk":{"a":0,"k":0},"p":{"a":1,"k":[{"o":{"x":0.333,"y":0},"i":{"x":0.667,"y":1},"s":[243.343,310.341,0],"t":0},{"o":{"x":0.333,"y":0},"i":{"x":0.667,"y":1},"s":[243.343,306.341,0],"t":24},{"o":{"x":0.333,"y":0},"i":{"x":0.667,"y":1},"s":[243.343,310.341,0],"t":50},{"o":{"x":0.333,"y":0},"i":{"x":0.667,"y":1},"s":[243.343,306.341,0],"t":76},{"s":[243.343,310.341,0],"t":102}]},"r":{"a":1,"k":[{"o":{"x":0.333,"y":0},"i":{"x":0.667,"y":1},"s":[0],"t":0},{"o":{"x":0.333,"y":0},"i":{"x":0.667,"y":1},"s":[5],"t":24},{"o":{"x":0.333,"y":0},"i":{"x":0.667,"y":1},"s":[0],"t":50},{"o":{"x":0.333,"y":0},"i":{"x":0.667,"y":1},"s":[5],"t":76},{"s":[0],"t":102}]},"sa":{"a":0,"k":0},"o":{"a":0,"k":100}},"ind":12},{"ty":4,"nm":"Shape Layer 1","sr":1,"st":0,"op":500,"ip":0,"hd":false,"ddd":0,"bm":0,"hasMask":false,"ao":0,"ks":{"a":{"a":0,"k":[10.500000000000057,134.50000000000003]},"s":{"a":0,"k":[84.362,113.238,100]},"sk":{"a":0,"k":0},"p":{"a":0,"k":[250.00000000000003,339.2900000000001]},"r":{"a":0,"k":0},"sa":{"a":0,"k":0},"o":{"a":0,"k":100}},"shapes":[{"ty":"gr","bm":0,"hd":false,"mn":"ADBE Vector Group","nm":"Ellipse 1","ix":1,"cix":2,"np":3,"it":[{"ty":"el","bm":0,"hd":false,"mn":"ADBE Vector Shape - Ellipse","nm":"Ellipse Path 1","d":1,"p":{"a":0,"k":[0,0]},"s":{"a":0,"k":[149,21]}},{"ty":"fl","bm":0,"hd":false,"mn":"ADBE Vector Graphic - Fill","nm":"Fill 1","c":{"a":0,"k":[0.9608,0.9608,0.9608]},"r":1,"o":{"a":0,"k":100}},{"ty":"tr","a":{"a":0,"k":[0,0]},"s":{"a":0,"k":[100,100]},"sk":{"a":0,"k":0},"p":{"a":0,"k":[10.5,134.5]},"r":{"a":0,"k":0},"sa":{"a":0,"k":0},"o":{"a":0,"k":100}}]}],"ind":13}]}]}