{"nm":"Untitled file","ddd":0,"h":500,"w":500,"meta":{"g":"@lottiefiles/creator 1.12.0"},"layers":[{"ty":0,"nm":" Orange","sr":1,"st":0,"op":50,"ip":0,"hd":false,"ddd":0,"bm":0,"hasMask":false,"ao":0,"ks":{"a":{"a":0,"k":[243.96363491371153,232.1981952854157]},"s":{"a":0,"k":[100,100]},"sk":{"a":0,"k":0},"p":{"a":0,"k":[243.96363491371153,232.1981952854157]},"r":{"a":0,"k":0},"sa":{"a":0,"k":0},"o":{"a":0,"k":100}},"w":500,"h":500,"refId":"precomp_Orange_62959291-93b4-4b77-825c-84817191691b","ind":1},{"ty":4,"nm":"surface195692","sr":1,"st":0,"op":50,"ip":0,"hd":false,"ddd":0,"bm":0,"hasMask":false,"ao":0,"ks":{"a":{"a":0,"k":[0,0]},"s":{"a":0,"k":[49.79855165633328,56.4769513823723]},"sk":{"a":0,"k":0},"p":{"a":0,"k":[121.1295,153.6456]},"r":{"a":1,"k":[{"o":{"x":0.33,"y":0},"i":{"x":0.67,"y":1},"s":[-1],"t":0},{"o":{"x":0.33,"y":0},"i":{"x":0.67,"y":1},"s":[1],"t":21.67},{"o":{"x":0.33,"y":0},"i":{"x":0.67,"y":1},"s":[-1],"t":49.17},{"o":{"x":0.33,"y":0},"i":{"x":0.67,"y":1},"s":[1],"t":70.83},{"o":{"x":0.33,"y":0},"i":{"x":0.67,"y":1},"s":[-1],"t":83},{"o":{"x":0.33,"y":0},"i":{"x":0.67,"y":1},"s":[-1],"t":98.33},{"o":{"x":0.33,"y":0},"i":{"x":0.67,"y":1},"s":[1],"t":120},{"s":[-1],"t":147.5}]},"sa":{"a":0,"k":0},"o":{"a":0,"k":100}},"shapes":[{"ty":"gr","bm":0,"hd":false,"nm":"surface195692","it":[{"ty":"gr","bm":0,"hd":false,"nm":"Group 1","it":[{"ty":"sh","bm":0,"hd":false,"nm":"Path 1","d":1,"ks":{"a":0,"k":{"c":true,"i":[[0,0],[-4.9,-13.6],[-5.6,-15.7],[-1.9,-5.2],[-1.3,-3.8],[0,0],[0,0],[0,0.1],[-4.3,11.6],[-2.1,5.8],[-6.1,16.9],[0,0.5],[10.7,0],[0,0],[0,0],[0.6,-1.9],[3.6,-10.2],[1,-3],[4,-11.3],[1.4,-4.1],[0.4,-0.5],[1.1,3.4],[4.8,13.7],[1,3],[4,11.3],[0.5,1.8],[0,0],[0,0],[0,-1.3]],"o":[[0,0.8],[4.9,13.7],[5.6,15.7],[4.9,13.6],[0,0],[0,0],[10.6,0],[0,-0.5],[1.9,-5.2],[2.1,-5.8],[6.1,-16.9],[0,-0.6],[0,0],[0,0],[-0.9,2.4],[-0.6,1.9],[-3.5,10.2],[-1,3],[-3.9,11.3],[-1.3,4.1],[-0.4,0.4],[-1.2,-3.5],[-4.7,-13.8],[-1,-3],[-3.9,-11.3],[0,0],[0,0],[-15.2,0],[0,0]],"v":[[344,81.5],[352.9,107.7],[372,161],[385.7,199],[401.3,242.7],[402.3,246],[421.7,246],[441,245.7],[466.7,174],[474,154],[488.9,112.7],[500,81],[482.1,80],[464.2,80],[462.7,84.2],[460,92],[452.3,114],[444,138],[435,164],[425.3,192],[422.11,200.3],[419.3,194.8],[408.5,163.5],[398,133],[389,107],[380.9,83.2],[379.9,80],[362,80],[344,81.5]]}}},{"ty":"sh","bm":0,"hd":false,"nm":"Path 2","d":1,"ks":{"a":0,"k":{"c":true,"i":[[0,0],[-2.6,-7.8],[-11.4,-33],[-0.5,0.2],[-1.5,4.4],[-7.8,22.5],[-4,11.5],[0,0],[0,0],[-0.7,-0.3],[9,-24.3],[2.7,-7.7],[0.9,-2.2],[6,-16.8],[2.5,-6.8],[0,-0.2],[6.6,0],[0,0],[0,0],[2.7,7.7],[2.3,6.3],[1,3],[1.9,5.2],[3.2,8.8],[2.2,6],[0,0.9],[-5.2,0],[-1,-1.8]],"o":[[0.6,1.1],[6.1,17.9],[4.9,13.9],[0.6,-0.2],[1.5,-4.3],[7.8,-22.6],[0,0],[0,0],[4.9,-0.2],[1.3,0.5],[-1.9,5],[-2.8,7.7],[-0.8,2.2],[-6,16.8],[-2.6,6.9],[0,0.2],[0,0],[0,0],[-2.3,-5.7],[-1.6,-4.4],[-2.3,-6.3],[-1,-3],[-1.9,-5.2],[-3.1,-8.8],[-6.1,-17.1],[0,-0.4],[8.5,0],[0,0]],"v":[[378,84],[383.9,100.3],[417.5,197.8],[427.3,222.7],[431.1,214.4],[448,165.5],[469.5,103.5],[476.7,82.5],[485.5,82.2],[495.6,82.4],[486.6,111.4],[478.2,134.5],[471.6,152.5],[459.1,187],[443.6,229.9],[439,242.7],[427.1,243],[415.2,243],[414.2,240.2],[405,215.5],[398,196],[392,179],[386.7,164],[377.5,138.5],[367.8,111.5],[358,82.8],[367.5,82],[378,84]]}}},{"ty":"fl","bm":0,"hd":false,"nm":"Fill","c":{"a":0,"k":[0.8706,0.3216,0.298]},"r":2,"o":{"a":0,"k":100}},{"ty":"tr","a":{"a":0,"k":[0,0]},"s":{"a":0,"k":[100,100]},"sk":{"a":0,"k":0},"p":{"a":0,"k":[0,0]},"r":{"a":0,"k":0},"sa":{"a":0,"k":0},"o":{"a":0,"k":100}}]},{"ty":"gr","bm":0,"hd":false,"nm":"Group 2","it":[{"ty":"sh","bm":0,"hd":false,"nm":"Path 3","d":1,"ks":{"a":0,"k":{"c":true,"i":[[0,0],[0,0],[0,0],[-5,2.7],[-2.6,5.6],[0,8.2],[6.1,6.1],[27.9,0.4],[0,0]],"o":[[0,0],[0,0],[24.6,-0.3],[6.9,-3.6],[1.8,-3.9],[0,-13.1],[-8.8,-8.8],[0,0],[0,0]],"v":[[255,130.5],[255,163.2],[279.8,162.8],[309.5,159.8],[323.3,146.3],[325.5,131.5],[318,107.9],[279.3,98.2],[255,97.8]]}}},{"ty":"sh","bm":0,"hd":false,"nm":"Path 4","d":1,"ks":{"a":0,"k":{"c":true,"i":[[0,0],[-3.3,-6.3],[0,-8.6],[2.2,-4.2],[2.3,-1.9],[18.2,0],[0,0],[0,0],[0,0],[-2,-0.5]],"o":[[6.7,1.9],[2.7,5.3],[0,8.3],[-1.4,2.7],[-6.4,5.3],[0,0],[0,0],[0,0],[8.6,0],[0,0]],"v":[[293.2,102],[309.5,115.5],[312.5,130.9],[310,145.4],[303.3,153.7],[273.8,160],[258,160],[258,101],[273.8,101],[293.2,102]]}}},{"ty":"fl","bm":0,"hd":false,"nm":"Fill","c":{"a":0,"k":[0.8706,0.3216,0.298]},"r":2,"o":{"a":0,"k":100}},{"ty":"tr","a":{"a":0,"k":[0,0]},"s":{"a":0,"k":[100,100]},"sk":{"a":0,"k":0},"p":{"a":0,"k":[0,0]},"r":{"a":0,"k":0},"sa":{"a":0,"k":0},"o":{"a":0,"k":100}}]},{"ty":"gr","bm":0,"hd":false,"nm":"Group 3","it":[{"ty":"sh","bm":0,"hd":false,"nm":"Path 5","d":1,"ks":{"a":0,"k":{"c":true,"i":[[0,0],[-0.1,-44.8],[0,0],[0,0],[0,0],[0,0],[0,0],[-12.1,9.6],[-2.1,7.7],[5.3,11.3],[6,3.1],[46.8,0.4],[0.4,-1.1]],"o":[[-0.3,0.7],[0,0],[0,0],[0,0],[0,0],[0,0],[30.1,-0.8],[6.3,-5],[3.1,-12.1],[-2.7,-5.9],[-12.8,-6.5],[-34.5,-0.3],[0,0]],"v":[[222.5,81.2],[222.2,164],[222.5,245.5],[257.5,245.5],[257.8,213.9],[258,182.3],[280.8,181.7],[331.6,169.2],[346.5,146.5],[342.8,106.3],[324,87],[265.7,80.2],[222.5,81.2]]}}},{"ty":"sh","bm":0,"hd":false,"nm":"Path 6","d":1,"ks":{"a":0,"k":{"c":true,"i":[[0,0],[-5.5,-10.7],[8.8,-14],[6.2,-2.9],[26.6,-0.5],[0,0],[0,0],[0,0],[0,0],[0,0],[-4.3,-1.3]],"o":[[13.7,3.9],[7.7,14.9],[-3.2,5.1],[-10.8,4.9],[0,0],[0,0],[0,0],[0,0],[0,0],[27,0.4],[0,0]],"v":[[310,84.4],[340.4,107.6],[338.4,158.1],[321.2,172.8],[280.3,178.7],[255,179.2],[255,242.99],[236,242.99],[236,81.79],[270.3,82.29],[310,84.39]]}}},{"ty":"fl","bm":0,"hd":false,"nm":"Fill","c":{"a":0,"k":[0.8706,0.3216,0.298]},"r":2,"o":{"a":0,"k":100}},{"ty":"tr","a":{"a":0,"k":[0,0]},"s":{"a":0,"k":[100,100]},"sk":{"a":0,"k":0},"p":{"a":0,"k":[0,0]},"r":{"a":0,"k":0},"sa":{"a":0,"k":0},"o":{"a":0,"k":100}}]},{"ty":"gr","bm":0,"hd":false,"nm":"Group 4","it":[{"ty":"sh","bm":0,"hd":false,"nm":"Path 7","d":1,"ks":{"a":0,"k":{"c":true,"i":[[0,0],[-2.1,-7.4],[-25.7,-4.5],[-7.7,2.2],[-4,24.7],[0,33.2],[0,0],[0,0],[0,0],[3.6,-9.6],[14.9,-0.2],[5.2,15.4],[0.3,52.7],[0,0],[0,0],[0,0]],"o":[[0.3,56.3],[6.6,23.9],[9.5,1.6],[22.9,-6.3],[0.6,-3.7],[0,0],[0,0],[0,0],[0,54.8],[-4.6,12.6],[-17.1,0.2],[-1.6,-4.7],[0,0],[0,0],[0,0],[0,0]],"v":[[52.3,138.7],[54.8,205.2],[102.5,247.1],[153.5,245.6],[195,197.8],[196,135.7],[196,80],[161,80],[161,131.7],[156.9,205.5],[125,226.39],[90.3,202.7],[88.2,138.7],[87.9,80],[51.9,80],[52.3,138.7]]}}},{"ty":"sh","bm":0,"hd":false,"nm":"Path 8","d":1,"ks":{"a":0,"k":{"c":true,"i":[[0,0],[-0.6,-2.2],[-3.6,-3.6],[-14.9,14.9],[-1.5,3],[0,58.3],[0,0],[0,0],[0,0],[0,0],[0,0],[16.6,-5.3],[11.9,1.2],[7.1,25.7],[0.4,53.5],[-0.3,0.8],[-7.3,-0.2],[0,0],[0,0]],"o":[[0.3,34.5],[2,6.9],[15.1,15.2],[2,-2],[5.2,-10.7],[0,0],[0,0],[0,0],[0,0],[0,0],[-5.9,17.1],[-8.9,2.8],[-27.9,-2.6],[-2.2,-7.7],[-0.2,-30.5],[0.5,-1.2],[0,0],[0,0],[0,0]],"v":[[85.1,139.5],[86.7,200.1],[96.4,218.3],[162.1,218.9],[168.4,209.9],[174,135.4],[174,82],[193.11,82],[192.8,141.2],[192.5,200.5],[189.9,208.2],[156.1,242],[119.2,245],[67.9,203.5],[65.2,140.2],[65.4,83.4],[75.2,82.2],[84.5,82.5],[85.11,139.5]]}}},{"ty":"fl","bm":0,"hd":false,"nm":"Fill","c":{"a":0,"k":[0.8706,0.3216,0.298]},"r":2,"o":{"a":0,"k":100}},{"ty":"tr","a":{"a":0,"k":[0,0]},"s":{"a":0,"k":[100,100]},"sk":{"a":0,"k":0},"p":{"a":0,"k":[0,0]},"r":{"a":0,"k":0},"sa":{"a":0,"k":0},"o":{"a":0,"k":100}}]},{"ty":"tr","a":{"a":0,"k":[0,0]},"s":{"a":0,"k":[100,100]},"sk":{"a":0,"k":0},"p":{"a":0,"k":[0,0]},"r":{"a":0,"k":0},"sa":{"a":0,"k":0},"o":{"a":0,"k":100}}]},{"ty":"st","bm":0,"hd":false,"nm":"Stroke","lc":2,"lj":2,"ml":1,"o":{"a":0,"k":100},"w":{"a":0,"k":20},"c":{"a":0,"k":[1,1,1]}}],"ind":2}],"v":"5.7.0","fr":50,"op":50,"ip":0,"assets":[{"nm":"Orange","id":"precomp_Orange_62959291-93b4-4b77-825c-84817191691b","fr":50,"layers":[{"ty":4,"nm":"RLEG","sr":1,"st":0,"op":250,"ip":0,"hd":false,"ddd":0,"bm":0,"hasMask":false,"ao":0,"ks":{"a":{"a":0,"k":[239.1,283.42,0],"ix":1},"s":{"a":0,"k":[87,87,100],"ix":6},"sk":{"a":0,"k":0},"p":{"a":0,"k":[241.939,289.076],"ix":2},"r":{"a":1,"k":[{"o":{"x":0.333,"y":0},"i":{"x":0.667,"y":1},"s":[20],"t":0},{"o":{"x":0.333,"y":0},"i":{"x":0.667,"y":1},"s":[-20],"t":25},{"s":[20],"t":51}],"ix":10},"sa":{"a":0,"k":0},"o":{"a":0,"k":100,"ix":11}},"shapes":[{"ty":"gr","bm":0,"hd":false,"mn":"ADBE Vector Group","nm":"Group 1","ix":1,"cix":2,"np":2,"it":[{"ty":"sh","bm":0,"hd":false,"mn":"ADBE Vector Shape - Group","nm":"Path 1","ix":1,"d":1,"ks":{"a":1,"k":[{"o":{"x":0.333,"y":0},"i":{"x":0.667,"y":1},"s":[{"c":false,"i":[[0,0],[9.46,-21.222]],"o":[[0,0],[0,0]],"v":[[238.956,283.956],[238.956,341.218]]}],"t":0},{"o":{"x":0.333,"y":0},"i":{"x":0.667,"y":1},"s":[{"c":false,"i":[[0,0],[49.749,-23.229]],"o":[[0,0],[0,0]],"v":[[232.54712393405754,283.45919861974266],[240.09199999999998,319.64799999999997]]}],"t":12},{"o":{"x":0.333,"y":0},"i":{"x":0.667,"y":1},"s":[{"c":false,"i":[[0,0],[0,-19.087]],"o":[[0,0],[0,0]],"v":[[230.63385876729882,281.3565872513607],[238.95600000000007,341.2180000000001]]}],"t":25},{"o":{"x":0.333,"y":0},"i":{"x":0.667,"y":1},"s":[{"c":false,"i":[[0,0],[-19.129,-17.942]],"o":[[0,0],[0,0]],"v":[[232.54773805757674,282.267579879785],[238.95600000000002,341.2180000000001]]}],"t":38},{"s":[{"c":false,"i":[[0,0],[9.46,-21.222]],"o":[[0,0],[0,0]],"v":[[238.956,283.956],[238.956,341.218]]}],"t":51}],"ix":2}},{"ty":"st","bm":0,"hd":false,"mn":"ADBE Vector Graphic - Stroke","nm":"Stroke 1","lc":2,"lj":1,"ml":10,"o":{"a":0,"k":100,"ix":4},"w":{"a":0,"k":6,"ix":5},"c":{"a":0,"k":[0.8706,0.3216,0.298],"ix":3}},{"ty":"tr","a":{"a":0,"k":[0,0],"ix":1},"s":{"a":0,"k":[100,100],"ix":3},"sk":{"a":0,"k":0,"ix":4},"p":{"a":0,"k":[0,0],"ix":2},"r":{"a":0,"k":0,"ix":6},"sa":{"a":0,"k":0,"ix":5},"o":{"a":0,"k":100,"ix":7}}]}],"ind":1},{"ty":3,"nm":"BODY","sr":1,"st":0,"op":250,"ip":0,"hd":false,"ddd":0,"bm":0,"hasMask":false,"ao":0,"ks":{"a":{"a":0,"k":[248.095,307.863,0],"ix":1},"s":{"a":0,"k":[87,87,100],"ix":6},"sk":{"a":0,"k":0},"p":{"a":1,"k":[{"o":{"x":0.333,"y":0},"i":{"x":0.667,"y":1},"s":[243.343,310.341,0],"t":0},{"o":{"x":0.333,"y":0},"i":{"x":0.667,"y":1},"s":[243.343,306.341,0],"t":12},{"o":{"x":0.333,"y":0},"i":{"x":0.667,"y":1},"s":[243.343,310.341,0],"t":25},{"o":{"x":0.333,"y":0},"i":{"x":0.667,"y":1},"s":[243.343,306.341,0],"t":38},{"s":[243.343,310.341,0],"t":51}],"ix":2},"r":{"a":1,"k":[{"o":{"x":0.333,"y":0},"i":{"x":0.667,"y":1},"s":[0],"t":0},{"o":{"x":0.333,"y":0},"i":{"x":0.667,"y":1},"s":[5],"t":12},{"o":{"x":0.333,"y":0},"i":{"x":0.667,"y":1},"s":[0],"t":25},{"o":{"x":0.333,"y":0},"i":{"x":0.667,"y":1},"s":[5],"t":38},{"s":[0],"t":51}],"ix":10},"sa":{"a":0,"k":0},"o":{"a":0,"k":100,"ix":11}},"ind":2},{"ty":4,"nm":"LLEG","sr":1,"st":0,"op":250,"ip":0,"hd":false,"ddd":0,"bm":0,"hasMask":false,"ao":0,"ks":{"a":{"a":0,"k":[266.335,284.139,0],"ix":1},"s":{"a":0,"k":[87,87,100],"ix":6},"sk":{"a":0,"k":0},"p":{"a":0,"k":[251.8716,289.701],"ix":2},"r":{"a":1,"k":[{"o":{"x":0.333,"y":0},"i":{"x":0.667,"y":1},"s":[-20],"t":0},{"o":{"x":0.333,"y":0},"i":{"x":0.667,"y":1},"s":[20],"t":25},{"s":[-20],"t":51}],"ix":10},"sa":{"a":0,"k":0},"o":{"a":0,"k":100,"ix":11}},"shapes":[{"ty":"gr","bm":0,"hd":false,"mn":"ADBE Vector Group","nm":"Group 9","ix":1,"cix":2,"np":2,"it":[{"ty":"sh","bm":0,"hd":false,"mn":"ADBE Vector Shape - Group","nm":"Path 1","ix":1,"d":1,"ks":{"a":1,"k":[{"o":{"x":0.333,"y":0},"i":{"x":0.667,"y":1},"s":[{"c":false,"i":[[0,0],[12.855,-19.568]],"o":[[0,0],[0,0]],"v":[[266.478,283.956],[266.478,341.218]]}],"t":0},{"o":{"x":0.333,"y":0},"i":{"x":0.667,"y":1},"s":[{"c":false,"i":[[0,0],[-11.273,-18.381]],"o":[[0,0],[0,0]],"v":[[262.0927083412516,283.23375733683787],[266.478,341.2179999999999]]}],"t":12},{"o":{"x":0.333,"y":0},"i":{"x":0.667,"y":1},"s":[{"c":false,"i":[[0,0],[-9.328,-22.791]],"o":[[0,0],[0,0]],"v":[[258.44941079087283,287.2626348847268],[266.478,341.2180000000001]]}],"t":25},{"o":{"x":0.333,"y":0},"i":{"x":0.667,"y":1},"s":[{"c":false,"i":[[0,0],[54.786,-14.207]],"o":[[0,0],[0,0]],"v":[[258.9111425709164,282.26818907518714],[269.352,318.22999999999996]]}],"t":38},{"s":[{"c":false,"i":[[0,0],[12.855,-19.568]],"o":[[0,0],[0,0]],"v":[[266.478,283.956],[266.478,341.218]]}],"t":51}],"ix":2}},{"ty":"st","bm":0,"hd":false,"mn":"ADBE Vector Graphic - Stroke","nm":"Stroke 1","lc":2,"lj":1,"ml":10,"o":{"a":0,"k":100,"ix":4},"w":{"a":0,"k":6,"ix":5},"c":{"a":0,"k":[0.8706,0.3216,0.298],"ix":3}},{"ty":"tr","a":{"a":0,"k":[0,0],"ix":1},"s":{"a":0,"k":[100,100],"ix":3},"sk":{"a":0,"k":0,"ix":4},"p":{"a":0,"k":[0,0],"ix":2},"r":{"a":0,"k":0,"ix":6},"sa":{"a":0,"k":0,"ix":5},"o":{"a":0,"k":100,"ix":7}}]}],"ind":3},{"ty":4,"nm":"Shape Layer 1","sr":1,"st":0,"op":250,"ip":0,"hd":false,"ddd":0,"bm":0,"hasMask":false,"ao":0,"ks":{"a":{"a":0,"k":[10.500000000000057,134.50000000000003],"ix":1},"s":{"a":0,"k":[84.362,113.238,100],"ix":6},"sk":{"a":0,"k":0},"p":{"a":0,"k":[250.00000000000003,339.2900000000001],"ix":2},"r":{"a":0,"k":0,"ix":10},"sa":{"a":0,"k":0},"o":{"a":0,"k":100,"ix":11}},"shapes":[{"ty":"gr","bm":0,"hd":false,"mn":"ADBE Vector Group","nm":"Ellipse 1","ix":1,"cix":2,"np":3,"it":[{"ty":"el","bm":0,"hd":false,"mn":"ADBE Vector Shape - Ellipse","nm":"Ellipse Path 1","d":1,"p":{"a":0,"k":[0,0],"ix":3},"s":{"a":0,"k":[149,21],"ix":2}},{"ty":"fl","bm":0,"hd":false,"mn":"ADBE Vector Graphic - Fill","nm":"Fill 1","c":{"a":0,"k":[0.9608,0.9608,0.9608],"ix":4},"r":1,"o":{"a":0,"k":100,"ix":5}},{"ty":"tr","a":{"a":0,"k":[0,0],"ix":1},"s":{"a":0,"k":[100,100],"ix":3},"sk":{"a":0,"k":0,"ix":4},"p":{"a":0,"k":[10.5,134.5],"ix":2},"r":{"a":0,"k":0,"ix":6},"sa":{"a":0,"k":0,"ix":5},"o":{"a":0,"k":100,"ix":7}}]}],"ind":4}]}]}